DATAFLOW,FREQ,REF_AREA,DATA_TYPE,LEGAL_FORM,MANAGEMENT_FORM,LAND_OWNERSHIP,AGRI_AREA_CLASS,TYPE_OF_CROP,TYPE_OF_HERD,GAINFUL_ACTIVITIES,KIND_OF_RENEW_ENERGY,EDU_LEV_FARM_MAN,LABOUR_FORCE_CATEG,NAT_LAB_FORCE,QWN_USE_MECH_MEANS,TYPE_OF_MECH_MEANS,TIME_PERIOD,OBS_VALUE,OBS_STATUS,NOTE_DS,NOTE_REF_AREA,NOTE_DATA_TYPE,NOTE_LEGAL_FORM,NOTE_MANAGEMENT_FORM,NOTE_LAND_OWNERSHIP,NOTE_AGRI_AREA_CLASS,NOTE_TYPE_OF_CROP,NOTE_TYPE_OF_HERD,NOTE_GAINFUL_ACTIVITIES,NOTE_KIND_OF_RENEW_ENERGY,NOTE_EDU_LEV_FARM_MAN,NOTE_LABOUR_FORCE_CATEG,NOTE_NAT_LAB_FORCE,NOTE_QWN_USE_MECH_MEANS,NOTE_TYPE_OF_MECH_MEANS,NOTE_TIME_PERIOD,BASE_PER,UNIT_MEAS,UNIT_MULT
IT1:102_974_DF_DCSP_SPA_10(1.0),A,IT,HO_RENENERG,TOT,TOT,ALL,TOT,ALL,ALL,ALL,BIOGAS,99,THLF,WORLD,ALL,ALL,2013,974,,,,,,,,,,,,,,,,,,,,,
IT1:102_974_DF_DCSP_SPA_10(1.0),A,IT,HO_RENENERG,TOT,TOT,ALL,TOT,ALL,ALL,ALL,BIOMASSES,99,THLF,WORLD,ALL,ALL,2013,1269,,,,,,,,,,,,,,,,,,,,,
IT1:102_974_DF_DCSP_SPA_10(1.0),A,IT,HO_RENENERG,TOT,TOT,ALL,TOT,ALL,ALL,ALL,HYDROEN,99,THLF,WORLD,ALL,ALL,2013,418,,,,,,,,,,,,,,,,,,,,,
IT1:102_974_DF_DCSP_SPA_10(1.0),A,IT,HO_RENENERG,TOT,TOT,ALL,TOT,ALL,ALL,ALL,HYDROEN,99,THLF,WORLD,ALL,ALL,2016,476,,,,,,,,,,,,,,,,,,,,,
IT1:102_974_DF_DCSP_SPA_10(1.0),A,IT,HO_RENENERG,TOT,TOT,ALL,TOT,ALL,ALL,ALL,OTHREN,99,THLF,WORLD,ALL,ALL,2013,423,,,,,,,,,,,,,,,,,,,,,
IT1:102_974_DF_DCSP_SPA_10(1.0),A,IT,HO_RENENERG,TOT,TOT,ALL,TOT,ALL,ALL,ALL,OTHREN,99,THLF,WORLD,ALL,ALL,2016,379,,,,,,,,,,,,,,,,,,,,,
IT1:102_974_DF_DCSP_SPA_10(1.0),A,IT,HO_RENENERG,TOT,TOT,ALL,TOT,ALL,ALL,ALL,SOLAR,99,THLF,WORLD,ALL,ALL,2013,27542,,,,,,,,,,,,,,,,,,,,,
IT1:102_974_DF_DCSP_SPA_10(1.0),A,IT,HO_RENENERG,TOT,TOT,ALL,TOT,ALL,ALL,ALL,SOLAR,99,THLF,WORLD,ALL,ALL,2016,42293,,,,,,,,,,,,,,,,,,,,,
IT1:102_974_DF_DCSP_SPA_10(1.0),A,IT,HO_RENENERG,TOT,TOT,ALL,TOT,ALL,ALL,ALL,WIND,99,THLF,WORLD,ALL,ALL,2013,168,,,,,,,,,,,,,,,,,,,,,
IT1:102_974_DF_DCSP_SPA_10(1.0),A,IT,HO_RENENERG,TOT,TOT,ALL,TOT,ALL,ALL,ALL,WIND,99,THLF,WORLD,ALL,ALL,2016,598,,,,,,,,,,,,,,,,,,,,,
IT1:102_974_DF_DCSP_SPA_10(1.0),A,ITC1,HO_RENENERG,TOT,TOT,ALL,TOT,ALL,ALL,ALL,BIOGAS,99,THLF,WORLD,ALL,ALL,2013,45,,,,,,,,,,,,,,,,,,,,,
IT1:102_974_DF_DCSP_SPA_10(1.0),A,ITC1,HO_RENENERG,TOT,TOT,ALL,TOT,ALL,ALL,ALL,BIOMASSES,99,THLF,WORLD,ALL,ALL,2013,47,,,,,,,,,,,,,,,,,,,,,
IT1:102_974_DF_DCSP_SPA_10(1.0),A,ITC1,HO_RENENERG,TOT,TOT,ALL,TOT,ALL,ALL,ALL,HYDROEN,99,THLF,WORLD,ALL,ALL,2013,15,,,,,,,,,,,,,,,,,,,,,
IT1:102_974_DF_DCSP_SPA_10(1.0),A,ITC1,HO_RENENERG,TOT,TOT,ALL,TOT,ALL,ALL,ALL,HYDROEN,99,THLF,WORLD,ALL,ALL,2016,65,,,,,,,,,,,,,,,,,,,,,
IT1:102_974_DF_DCSP_SPA_10(1.0),A,ITC1,HO_RENENERG,TOT,TOT,ALL,TOT,ALL,ALL,ALL,OTHREN,99,THLF,WORLD,ALL,ALL,2013,,n,,,,,,,,,,,,,,,,,,,,
IT1:102_974_DF_DCSP_SPA_10(1.0),A,ITC1,HO_RENENERG,TOT,TOT,ALL,TOT,ALL,ALL,ALL,OTHREN,99,THLF,WORLD,ALL,ALL,2016,65,,,,,,,,,,,,,,,,,,,,,
IT1:102_974_DF_DCSP_SPA_10(1.0),A,ITC1,HO_RENENERG,TOT,TOT,ALL,TOT,ALL,ALL,ALL,SOLAR,99,THLF,WORLD,ALL,ALL,2013,3195,,,,,,,,,,,,,,,,,,,,,
IT1:102_974_DF_DCSP_SPA_10(1.0),A,ITC1,HO_RENENERG,TOT,TOT,ALL,TOT,ALL,ALL,ALL,SOLAR,99,THLF,WORLD,ALL,ALL,2016,3106,,,,,,,,,,,,,,,,,,,,,
IT1:102_974_DF_DCSP_SPA_10(1.0),A,ITC1,HO_RENENERG,TOT,TOT,ALL,TOT,ALL,ALL,ALL,WIND,99,THLF,WORLD,ALL,ALL,2013,,n,,,,,,,,,,,,,,,,,,,,
IT1:102_974_DF_DCSP_SPA_10(1.0),A,ITC1,HO_RENENERG,TOT,TOT,ALL,TOT,ALL,ALL,ALL,WIND,99,THLF,WORLD,ALL,ALL,2016,,n,,,,,,,,,,,,,,,,,,,,
IT1:102_974_DF_DCSP_SPA_10(1.0),A,ITC2,HO_RENENERG,TOT,TOT,ALL,TOT,ALL,ALL,ALL,BIOGAS,99,THLF,WORLD,ALL,ALL,2013,4,,,,,,,,,,,,,,,,,,,,,
IT1:102_974_DF_DCSP_SPA_10(1.0),A,ITC2,HO_RENENERG,TOT,TOT,ALL,TOT,ALL,ALL,ALL,BIOMASSES,99,THLF,WORLD,ALL,ALL,2013,24,,,,,,,,,,,,,,,,,,,,,
IT1:102_974_DF_DCSP_SPA_10(1.0),A,ITC2,HO_RENENERG,TOT,TOT,ALL,TOT,ALL,ALL,ALL,HYDROEN,99,THLF,WORLD,ALL,ALL,2013,43,,,,,,,,,,,,,,,,,,,,,
IT1:102_974_DF_DCSP_SPA_10(1.0),A,ITC2,HO_RENENERG,TOT,TOT,ALL,TOT,ALL,ALL,ALL,HYDROEN,99,THLF,WORLD,ALL,ALL,2016,12,,,,,,,,,,,,,,,,,,,,,
IT1:102_974_DF_DCSP_SPA_10(1.0),A,ITC2,HO_RENENERG,TOT,TOT,ALL,TOT,ALL,ALL,ALL,OTHREN,99,THLF,WORLD,ALL,ALL,2013,,n,,,,,,,,,,,,,,,,,,,,
IT1:102_974_DF_DCSP_SPA_10(1.0),A,ITC2,HO_RENENERG,TOT,TOT,ALL,TOT,ALL,ALL,ALL,OTHREN,99,THLF,WORLD,ALL,ALL,2016,,n,,,,,,,,,,,,,,,,,,,,
IT1:102_974_DF_DCSP_SPA_10(1.0),A,ITC2,HO_RENENERG,TOT,TOT,ALL,TOT,ALL,ALL,ALL,SOLAR,99,THLF,WORLD,ALL,ALL,2013,145,,,,,,,,,,,,,,,,,,,,,
IT1:102_974_DF_DCSP_SPA_10(1.0),A,ITC2,HO_RENENERG,TOT,TOT,ALL,TOT,ALL,ALL,ALL,SOLAR,99,THLF,WORLD,ALL,ALL,2016,150,,,,,,,,,,,,,,,,,,,,,
IT1:102_974_DF_DCSP_SPA_10(1.0),A,ITC2,HO_RENENERG,TOT,TOT,ALL,TOT,ALL,ALL,ALL,WIND,99,THLF,WORLD,ALL,ALL,2013,,n,,,,,,,,,,,,,,,,,,,,
IT1:102_974_DF_DCSP_SPA_10(1.0),A,ITC2,HO_RENENERG,TOT,TOT,ALL,TOT,ALL,ALL,ALL,WIND,99,THLF,WORLD,ALL,ALL,2016,,n,,,,,,,,,,,,,,,,,,,,
IT1:102_974_DF_DCSP_SPA_10(1.0),A,ITC3,HO_RENENERG,TOT,TOT,ALL,TOT,ALL,ALL,ALL,BIOGAS,99,THLF,WORLD,ALL,ALL,2013,19,,,,,,,,,,,,,,,,,,,,,
IT1:102_974_DF_DCSP_SPA_10(1.0),A,ITC3,HO_RENENERG,TOT,TOT,ALL,TOT,ALL,ALL,ALL,BIOMASSES,99,THLF,WORLD,ALL,ALL,2013,19,,,,,,,,,,,,,,,,,,,,,
IT1:102_974_DF_DCSP_SPA_10(1.0),A,ITC3,HO_RENENERG,TOT,TOT,ALL,TOT,ALL,ALL,ALL,HYDROEN,99,THLF,WORLD,ALL,ALL,2013,,n,,,,,,,,,,,,,,,,,,,,
IT1:102_974_DF_DCSP_SPA_10(1.0),A,ITC3,HO_RENENERG,TOT,TOT,ALL,TOT,ALL,ALL,ALL,HYDROEN,99,THLF,WORLD,ALL,ALL,2016,,n,,,,,,,,,,,,,,,,,,,,
IT1:102_974_DF_DCSP_SPA_10(1.0),A,ITC3,HO_RENENERG,TOT,TOT,ALL,TOT,ALL,ALL,ALL,OTHREN,99,THLF,WORLD,ALL,ALL,2013,101,,,,,,,,,,,,,,,,,,,,,
IT1:102_974_DF_DCSP_SPA_10(1.0),A,ITC3,HO_RENENERG,TOT,TOT,ALL,TOT,ALL,ALL,ALL,OTHREN,99,THLF,WORLD,ALL,ALL,2016,,n,,,,,,,,,,,,,,,,,,,,
IT1:102_974_DF_DCSP_SPA_10(1.0),A,ITC3,HO_RENENERG,TOT,TOT,ALL,TOT,ALL,ALL,ALL,SOLAR,99,THLF,WORLD,ALL,ALL,2013,204,,,,,,,,,,,,,,,,,,,,,
IT1:102_974_DF_DCSP_SPA_10(1.0),A,ITC3,HO_RENENERG,TOT,TOT,ALL,TOT,ALL,ALL,ALL,SOLAR,99,THLF,WORLD,ALL,ALL,2016,442,,,,,,,,,,,,,,,,,,,,,
IT1:102_974_DF_DCSP_SPA_10(1.0),A,ITC3,HO_RENENERG,TOT,TOT,ALL,TOT,ALL,ALL,ALL,WIND,99,THLF,WORLD,ALL,ALL,2013,8,,,,,,,,,,,,,,,,,,,,,
IT1:102_974_DF_DCSP_SPA_10(1.0),A,ITC3,HO_RENENERG,TOT,TOT,ALL,TOT,ALL,ALL,ALL,WIND,99,THLF,WORLD,ALL,ALL,2016,4,,,,,,,,,,,,,,,,,,,,,
IT1:102_974_DF_DCSP_SPA_10(1.0),A,ITC4,HO_RENENERG,TOT,TOT,ALL,TOT,ALL,ALL,ALL,BIOGAS,99,THLF,WORLD,ALL,ALL,2013,393,,,,,,,,,,,,,,,,,,,,,
IT1:102_974_DF_DCSP_SPA_10(1.0),A,ITC4,HO_RENENERG,TOT,TOT,ALL,TOT,ALL,ALL,ALL,BIOMASSES,99,THLF,WORLD,ALL,ALL,2013,424,,,,,,,,,,,,,,,,,,,,,
IT1:102_974_DF_DCSP_SPA_10(1.0),A,ITC4,HO_RENENERG,TOT,TOT,ALL,TOT,ALL,ALL,ALL,HYDROEN,99,THLF,WORLD,ALL,ALL,2013,21,,,,,,,,,,,,,,,,,,,,,
IT1:102_974_DF_DCSP_SPA_10(1.0),A,ITC4,HO_RENENERG,TOT,TOT,ALL,TOT,ALL,ALL,ALL,OTHREN,99,THLF,WORLD,ALL,ALL,2013,10,,,,,,,,,,,,,,,,,,,,,
IT1:102_974_DF_DCSP_SPA_10(1.0),A,ITC4,HO_RENENERG,TOT,TOT,ALL,TOT,ALL,ALL,ALL,OTHREN,99,THLF,WORLD,ALL,ALL,2016,42,,,,,,,,,,,,,,,,,,,,,
IT1:102_974_DF_DCSP_SPA_10(1.0),A,ITC4,HO_RENENERG,TOT,TOT,ALL,TOT,ALL,ALL,ALL,SOLAR,99,THLF,WORLD,ALL,ALL,2013,2516,,,,,,,,,,,,,,,,,,,,,
IT1:102_974_DF_DCSP_SPA_10(1.0),A,ITC4,HO_RENENERG,TOT,TOT,ALL,TOT,ALL,ALL,ALL,SOLAR,99,THLF,WORLD,ALL,ALL,2016,3243,,,,,,,,,,,,,,,,,,,,,
IT1:102_974_DF_DCSP_SPA_10(1.0),A,ITC4,HO_RENENERG,TOT,TOT,ALL,TOT,ALL,ALL,ALL,WIND,99,THLF,WORLD,ALL,ALL,2013,,n,,,,,,,,,,,,,,,,,,,,
IT1:102_974_DF_DCSP_SPA_10(1.0),A,ITC4,HO_RENENERG,TOT,TOT,ALL,TOT,ALL,ALL,ALL,WIND,99,THLF,WORLD,ALL,ALL,2016,4,,,,,,,,,,,,,,,,,,,,,
IT1:102_974_DF_DCSP_SPA_10(1.0),A,ITCD,HO_RENENERG,TOT,TOT,ALL,TOT,ALL,ALL,ALL,BIOGAS,99,THLF,WORLD,ALL,ALL,2013,760,,,,,,,,,,,,,,,,,,,,,
IT1:102_974_DF_DCSP_SPA_10(1.0),A,ITCD,HO_RENENERG,TOT,TOT,ALL,TOT,ALL,ALL,ALL,BIOMASSES,99,THLF,WORLD,ALL,ALL,2013,978,,,,,,,,,,,,,,,,,,,,,
IT1:102_974_DF_DCSP_SPA_10(1.0),A,ITCD,HO_RENENERG,TOT,TOT,ALL,TOT,ALL,ALL,ALL,HYDROEN,99,THLF,WORLD,ALL,ALL,2013,362,,,,,,,,,,,,,,,,,,,,,
IT1:102_974_DF_DCSP_SPA_10(1.0),A,ITCD,HO_RENENERG,TOT,TOT,ALL,TOT,ALL,ALL,ALL,HYDROEN,99,THLF,WORLD,ALL,ALL,2016,418,,,,,,,,,,,,,,,,,,,,,
IT1:102_974_DF_DCSP_SPA_10(1.0),A,ITCD,HO_RENENERG,TOT,TOT,ALL,TOT,ALL,ALL,ALL,OTHREN,99,THLF,WORLD,ALL,ALL,2013,394,,,,,,,,,,,,,,,,,,,,,
IT1:102_974_DF_DCSP_SPA_10(1.0),A,ITCD,HO_RENENERG,TOT,TOT,ALL,TOT,ALL,ALL,ALL,OTHREN,99,THLF,WORLD,ALL,ALL,2016,292,,,,,,,,,,,,,,,,,,,,,
IT1:102_974_DF_DCSP_SPA_10(1.0),A,ITCD,HO_RENENERG,TOT,TOT,ALL,TOT,ALL,ALL,ALL,SOLAR,99,THLF,WORLD,ALL,ALL,2013,15910,,,,,,,,,,,,,,,,,,,,,
IT1:102_974_DF_DCSP_SPA_10(1.0),A,ITCD,HO_RENENERG,TOT,TOT,ALL,TOT,ALL,ALL,ALL,SOLAR,99,THLF,WORLD,ALL,ALL,2016,23930,,,,,,,,,,,,,,,,,,,,,
IT1:102_974_DF_DCSP_SPA_10(1.0),A,ITCD,HO_RENENERG,TOT,TOT,ALL,TOT,ALL,ALL,ALL,WIND,99,THLF,WORLD,ALL,ALL,2013,22,,,,,,,,,,,,,,,,,,,,,
IT1:102_974_DF_DCSP_SPA_10(1.0),A,ITCD,HO_RENENERG,TOT,TOT,ALL,TOT,ALL,ALL,ALL,WIND,99,THLF,WORLD,ALL,ALL,2016,12,,,,,,,,,,,,,,,,,,,,,
IT1:102_974_DF_DCSP_SPA_10(1.0),A,ITD10,HO_RENENERG,TOT,TOT,ALL,TOT,ALL,ALL,ALL,HYDROEN,99,THLF,WORLD,ALL,ALL,2016,333,,,,,,,,,,,,,,,,,,,,,
IT1:102_974_DF_DCSP_SPA_10(1.0),A,ITD10,HO_RENENERG,TOT,TOT,ALL,TOT,ALL,ALL,ALL,OTHREN,99,THLF,WORLD,ALL,ALL,2016,54,,,,,,,,,,,,,,,,,,,,,
IT1:102_974_DF_DCSP_SPA_10(1.0),A,ITD10,HO_RENENERG,TOT,TOT,ALL,TOT,ALL,ALL,ALL,SOLAR,99,THLF,WORLD,ALL,ALL,2016,4419,,,,,,,,,,,,,,,,,,,,,
IT1:102_974_DF_DCSP_SPA_10(1.0),A,ITD10,HO_RENENERG,TOT,TOT,ALL,TOT,ALL,ALL,ALL,WIND,99,THLF,WORLD,ALL,ALL,2016,,n,,,,,,,,,,,,,,,,,,,,
IT1:102_974_DF_DCSP_SPA_10(1.0),A,ITD20,HO_RENENERG,TOT,TOT,ALL,TOT,ALL,ALL,ALL,HYDROEN,99,THLF,WORLD,ALL,ALL,2016,5,,,,,,,,,,,,,,,,,,,,,
IT1:102_974_DF_DCSP_SPA_10(1.0),A,ITD20,HO_RENENERG,TOT,TOT,ALL,TOT,ALL,ALL,ALL,OTHREN,99,THLF,WORLD,ALL,ALL,2016,122,,,,,,,,,,,,,,,,,,,,,
IT1:102_974_DF_DCSP_SPA_10(1.0),A,ITD20,HO_RENENERG,TOT,TOT,ALL,TOT,ALL,ALL,ALL,SOLAR,99,THLF,WORLD,ALL,ALL,2016,2598,,,,,,,,,,,,,,,,,,,,,
IT1:102_974_DF_DCSP_SPA_10(1.0),A,ITD20,HO_RENENERG,TOT,TOT,ALL,TOT,ALL,ALL,ALL,WIND,99,THLF,WORLD,ALL,ALL,2016,,n,,,,,,,,,,,,,,,,,,,,
IT1:102_974_DF_DCSP_SPA_10(1.0),A,ITD3,HO_RENENERG,TOT,TOT,ALL,TOT,ALL,ALL,ALL,BIOGAS,99,THLF,WORLD,ALL,ALL,2013,171,,,,,,,,,,,,,,,,,,,,,
IT1:102_974_DF_DCSP_SPA_10(1.0),A,ITD3,HO_RENENERG,TOT,TOT,ALL,TOT,ALL,ALL,ALL,BIOMASSES,99,THLF,WORLD,ALL,ALL,2013,221,,,,,,,,,,,,,,,,,,,,,
IT1:102_974_DF_DCSP_SPA_10(1.0),A,ITD3,HO_RENENERG,TOT,TOT,ALL,TOT,ALL,ALL,ALL,HYDROEN,99,THLF,WORLD,ALL,ALL,2013,27,,,,,,,,,,,,,,,,,,,,,
IT1:102_974_DF_DCSP_SPA_10(1.0),A,ITD3,HO_RENENERG,TOT,TOT,ALL,TOT,ALL,ALL,ALL,HYDROEN,99,THLF,WORLD,ALL,ALL,2016,3,,,,,,,,,,,,,,,,,,,,,
IT1:102_974_DF_DCSP_SPA_10(1.0),A,ITD3,HO_RENENERG,TOT,TOT,ALL,TOT,ALL,ALL,ALL,OTHREN,99,THLF,WORLD,ALL,ALL,2013,16,,,,,,,,,,,,,,,,,,,,,
IT1:102_974_DF_DCSP_SPA_10(1.0),A,ITD3,HO_RENENERG,TOT,TOT,ALL,TOT,ALL,ALL,ALL,OTHREN,99,THLF,WORLD,ALL,ALL,2016,,c,,,,,,,,,,,,,,,,,,,,
IT1:102_974_DF_DCSP_SPA_10(1.0),A,ITD3,HO_RENENERG,TOT,TOT,ALL,TOT,ALL,ALL,ALL,SOLAR,99,THLF,WORLD,ALL,ALL,2013,4193,,,,,,,,,,,,,,,,,,,,,
IT1:102_974_DF_DCSP_SPA_10(1.0),A,ITD3,HO_RENENERG,TOT,TOT,ALL,TOT,ALL,ALL,ALL,SOLAR,99,THLF,WORLD,ALL,ALL,2016,4745,,,,,,,,,,,,,,,,,,,,,
IT1:102_974_DF_DCSP_SPA_10(1.0),A,ITD3,HO_RENENERG,TOT,TOT,ALL,TOT,ALL,ALL,ALL,WIND,99,THLF,WORLD,ALL,ALL,2013,,n,,,,,,,,,,,,,,,,,,,,
IT1:102_974_DF_DCSP_SPA_10(1.0),A,ITD3,HO_RENENERG,TOT,TOT,ALL,TOT,ALL,ALL,ALL,WIND,99,THLF,WORLD,ALL,ALL,2016,,n,,,,,,,,,,,,,,,,,,,,
IT1:102_974_DF_DCSP_SPA_10(1.0),A,ITD4,HO_RENENERG,TOT,TOT,ALL,TOT,ALL,ALL,ALL,BIOGAS,99,THLF,WORLD,ALL,ALL,2013,43,,,,,,,,,,,,,,,,,,,,,
IT1:102_974_DF_DCSP_SPA_10(1.0),A,ITD4,HO_RENENERG,TOT,TOT,ALL,TOT,ALL,ALL,ALL,BIOMASSES,99,THLF,WORLD,ALL,ALL,2013,45,,,,,,,,,,,,,,,,,,,,,
IT1:102_974_DF_DCSP_SPA_10(1.0),A,ITD4,HO_RENENERG,TOT,TOT,ALL,TOT,ALL,ALL,ALL,HYDROEN,99,THLF,WORLD,ALL,ALL,2013,7,,,,,,,,,,,,,,,,,,,,,
IT1:102_974_DF_DCSP_SPA_10(1.0),A,ITD4,HO_RENENERG,TOT,TOT,ALL,TOT,ALL,ALL,ALL,HYDROEN,99,THLF,WORLD,ALL,ALL,2016,,c,,,,,,,,,,,,,,,,,,,,
IT1:102_974_DF_DCSP_SPA_10(1.0),A,ITD4,HO_RENENERG,TOT,TOT,ALL,TOT,ALL,ALL,ALL,OTHREN,99,THLF,WORLD,ALL,ALL,2013,,n,,,,,,,,,,,,,,,,,,,,
IT1:102_974_DF_DCSP_SPA_10(1.0),A,ITD4,HO_RENENERG,TOT,TOT,ALL,TOT,ALL,ALL,ALL,OTHREN,99,THLF,WORLD,ALL,ALL,2016,9,,,,,,,,,,,,,,,,,,,,,
IT1:102_974_DF_DCSP_SPA_10(1.0),A,ITD4,HO_RENENERG,TOT,TOT,ALL,TOT,ALL,ALL,ALL,SOLAR,99,THLF,WORLD,ALL,ALL,2013,987,,,,,,,,,,,,,,,,,,,,,
IT1:102_974_DF_DCSP_SPA_10(1.0),A,ITD4,HO_RENENERG,TOT,TOT,ALL,TOT,ALL,ALL,ALL,SOLAR,99,THLF,WORLD,ALL,ALL,2016,1551,,,,,,,,,,,,,,,,,,,,,
IT1:102_974_DF_DCSP_SPA_10(1.0),A,ITD4,HO_RENENERG,TOT,TOT,ALL,TOT,ALL,ALL,ALL,WIND,99,THLF,WORLD,ALL,ALL,2013,2,,,,,,,,,,,,,,,,,,,,,
IT1:102_974_DF_DCSP_SPA_10(1.0),A,ITD4,HO_RENENERG,TOT,TOT,ALL,TOT,ALL,ALL,ALL,WIND,99,THLF,WORLD,ALL,ALL,2016,,n,,,,,,,,,,,,,,,,,,,,
IT1:102_974_DF_DCSP_SPA_10(1.0),A,ITD5,HO_RENENERG,TOT,TOT,ALL,TOT,ALL,ALL,ALL,BIOGAS,99,THLF,WORLD,ALL,ALL,2013,83,,,,,,,,,,,,,,,,,,,,,
IT1:102_974_DF_DCSP_SPA_10(1.0),A,ITD5,HO_RENENERG,TOT,TOT,ALL,TOT,ALL,ALL,ALL,BIOMASSES,99,THLF,WORLD,ALL,ALL,2013,121,,,,,,,,,,,,,,,,,,,,,
IT1:102_974_DF_DCSP_SPA_10(1.0),A,ITD5,HO_RENENERG,TOT,TOT,ALL,TOT,ALL,ALL,ALL,HYDROEN,99,THLF,WORLD,ALL,ALL,2013,18,,,,,,,,,,,,,,,,,,,,,
IT1:102_974_DF_DCSP_SPA_10(1.0),A,ITD5,HO_RENENERG,TOT,TOT,ALL,TOT,ALL,ALL,ALL,HYDROEN,99,THLF,WORLD,ALL,ALL,2016,,n,,,,,,,,,,,,,,,,,,,,
IT1:102_974_DF_DCSP_SPA_10(1.0),A,ITD5,HO_RENENERG,TOT,TOT,ALL,TOT,ALL,ALL,ALL,OTHREN,99,THLF,WORLD,ALL,ALL,2013,66,,,,,,,,,,,,,,,,,,,,,
IT1:102_974_DF_DCSP_SPA_10(1.0),A,ITD5,HO_RENENERG,TOT,TOT,ALL,TOT,ALL,ALL,ALL,OTHREN,99,THLF,WORLD,ALL,ALL,2016,,n,,,,,,,,,,,,,,,,,,,,
IT1:102_974_DF_DCSP_SPA_10(1.0),A,ITD5,HO_RENENERG,TOT,TOT,ALL,TOT,ALL,ALL,ALL,SOLAR,99,THLF,WORLD,ALL,ALL,2013,2464,,,,,,,,,,,,,,,,,,,,,
IT1:102_974_DF_DCSP_SPA_10(1.0),A,ITD5,HO_RENENERG,TOT,TOT,ALL,TOT,ALL,ALL,ALL,SOLAR,99,THLF,WORLD,ALL,ALL,2016,3676,,,,,,,,,,,,,,,,,,,,,
IT1:102_974_DF_DCSP_SPA_10(1.0),A,ITD5,HO_RENENERG,TOT,TOT,ALL,TOT,ALL,ALL,ALL,WIND,99,THLF,WORLD,ALL,ALL,2013,,n,,,,,,,,,,,,,,,,,,,,
IT1:102_974_DF_DCSP_SPA_10(1.0),A,ITD5,HO_RENENERG,TOT,TOT,ALL,TOT,ALL,ALL,ALL,WIND,99,THLF,WORLD,ALL,ALL,2016,4,,,,,,,,,,,,,,,,,,,,,
IT1:102_974_DF_DCSP_SPA_10(1.0),A,ITDA,HO_RENENERG,TOT,TOT,ALL,TOT,ALL,ALL,ALL,BIOGAS,99,THLF,WORLD,ALL,ALL,2013,2,,,,,,,,,,,,,,,,,,,,,
IT1:102_974_DF_DCSP_SPA_10(1.0),A,ITDA,HO_RENENERG,TOT,TOT,ALL,TOT,ALL,ALL,ALL,BIOMASSES,99,THLF,WORLD,ALL,ALL,2013,77,,,,,,,,,,,,,,,,,,,,,
IT1:102_974_DF_DCSP_SPA_10(1.0),A,ITDA,HO_RENENERG,TOT,TOT,ALL,TOT,ALL,ALL,ALL,HYDROEN,99,THLF,WORLD,ALL,ALL,2013,231,,,,,,,,,,,,,,,,,,,,,
IT1:102_974_DF_DCSP_SPA_10(1.0),A,ITDA,HO_RENENERG,TOT,TOT,ALL,TOT,ALL,ALL,ALL,HYDROEN,99,THLF,WORLD,ALL,ALL,2016,338,,,,,,,,,,,,,,,,,,,,,
IT1:102_974_DF_DCSP_SPA_10(1.0),A,ITDA,HO_RENENERG,TOT,TOT,ALL,TOT,ALL,ALL,ALL,OTHREN,99,THLF,WORLD,ALL,ALL,2013,201,,,,,,,,,,,,,,,,,,,,,
IT1:102_974_DF_DCSP_SPA_10(1.0),A,ITDA,HO_RENENERG,TOT,TOT,ALL,TOT,ALL,ALL,ALL,OTHREN,99,THLF,WORLD,ALL,ALL,2016,176,,,,,,,,,,,,,,,,,,,,,
IT1:102_974_DF_DCSP_SPA_10(1.0),A,ITDA,HO_RENENERG,TOT,TOT,ALL,TOT,ALL,ALL,ALL,SOLAR,99,THLF,WORLD,ALL,ALL,2013,2206,,,,,,,,,,,,,,,,,,,,,
IT1:102_974_DF_DCSP_SPA_10(1.0),A,ITDA,HO_RENENERG,TOT,TOT,ALL,TOT,ALL,ALL,ALL,SOLAR,99,THLF,WORLD,ALL,ALL,2016,7017,,,,,,,,,,,,,,,,,,,,,
IT1:102_974_DF_DCSP_SPA_10(1.0),A,ITDA,HO_RENENERG,TOT,TOT,ALL,TOT,ALL,ALL,ALL,WIND,99,THLF,WORLD,ALL,ALL,2013,12,,,,,,,,,,,,,,,,,,,,,
IT1:102_974_DF_DCSP_SPA_10(1.0),A,ITDA,HO_RENENERG,TOT,TOT,ALL,TOT,ALL,ALL,ALL,WIND,99,THLF,WORLD,ALL,ALL,2016,,n,,,,,,,,,,,,,,,,,,,,
IT1:102_974_DF_DCSP_SPA_10(1.0),A,ITE,HO_RENENERG,TOT,TOT,ALL,TOT,ALL,ALL,ALL,BIOGAS,99,THLF,WORLD,ALL,ALL,2013,188,,,,,,,,,,,,,,,,,,,,,
IT1:102_974_DF_DCSP_SPA_10(1.0),A,ITE,HO_RENENERG,TOT,TOT,ALL,TOT,ALL,ALL,ALL,BIOMASSES,99,THLF,WORLD,ALL,ALL,2013,245,,,,,,,,,,,,,,,,,,,,,
IT1:102_974_DF_DCSP_SPA_10(1.0),A,ITE,HO_RENENERG,TOT,TOT,ALL,TOT,ALL,ALL,ALL,HYDROEN,99,THLF,WORLD,ALL,ALL,2013,5,,,,,,,,,,,,,,,,,,,,,
IT1:102_974_DF_DCSP_SPA_10(1.0),A,ITE,HO_RENENERG,TOT,TOT,ALL,TOT,ALL,ALL,ALL,HYDROEN,99,THLF,WORLD,ALL,ALL,2016,55,,,,,,,,,,,,,,,,,,,,,
IT1:102_974_DF_DCSP_SPA_10(1.0),A,ITE,HO_RENENERG,TOT,TOT,ALL,TOT,ALL,ALL,ALL,OTHREN,99,THLF,WORLD,ALL,ALL,2013,1,,,,,,,,,,,,,,,,,,,,,
IT1:102_974_DF_DCSP_SPA_10(1.0),A,ITE,HO_RENENERG,TOT,TOT,ALL,TOT,ALL,ALL,ALL,OTHREN,99,THLF,WORLD,ALL,ALL,2016,78,,,,,,,,,,,,,,,,,,,,,
IT1:102_974_DF_DCSP_SPA_10(1.0),A,ITE,HO_RENENERG,TOT,TOT,ALL,TOT,ALL,ALL,ALL,SOLAR,99,THLF,WORLD,ALL,ALL,2013,5575,,,,,,,,,,,,,,,,,,,,,
IT1:102_974_DF_DCSP_SPA_10(1.0),A,ITE,HO_RENENERG,TOT,TOT,ALL,TOT,ALL,ALL,ALL,SOLAR,99,THLF,WORLD,ALL,ALL,2016,8020,,,,,,,,,,,,,,,,,,,,,
IT1:102_974_DF_DCSP_SPA_10(1.0),A,ITE,HO_RENENERG,TOT,TOT,ALL,TOT,ALL,ALL,ALL,WIND,99,THLF,WORLD,ALL,ALL,2013,12,,,,,,,,,,,,,,,,,,,,,
IT1:102_974_DF_DCSP_SPA_10(1.0),A,ITE,HO_RENENERG,TOT,TOT,ALL,TOT,ALL,ALL,ALL,WIND,99,THLF,WORLD,ALL,ALL,2016,96,,,,,,,,,,,,,,,,,,,,,
IT1:102_974_DF_DCSP_SPA_10(1.0),A,ITE1,HO_RENENERG,TOT,TOT,ALL,TOT,ALL,ALL,ALL,BIOGAS,99,THLF,WORLD,ALL,ALL,2013,176,,,,,,,,,,,,,,,,,,,,,
IT1:102_974_DF_DCSP_SPA_10(1.0),A,ITE1,HO_RENENERG,TOT,TOT,ALL,TOT,ALL,ALL,ALL,BIOMASSES,99,THLF,WORLD,ALL,ALL,2013,196,,,,,,,,,,,,,,,,,,,,,
IT1:102_974_DF_DCSP_SPA_10(1.0),A,ITE1,HO_RENENERG,TOT,TOT,ALL,TOT,ALL,ALL,ALL,HYDROEN,99,THLF,WORLD,ALL,ALL,2013,4,,,,,,,,,,,,,,,,,,,,,
IT1:102_974_DF_DCSP_SPA_10(1.0),A,ITE1,HO_RENENERG,TOT,TOT,ALL,TOT,ALL,ALL,ALL,HYDROEN,99,THLF,WORLD,ALL,ALL,2016,8,,,,,,,,,,,,,,,,,,,,,
IT1:102_974_DF_DCSP_SPA_10(1.0),A,ITE1,HO_RENENERG,TOT,TOT,ALL,TOT,ALL,ALL,ALL,OTHREN,99,THLF,WORLD,ALL,ALL,2013,,n,,,,,,,,,,,,,,,,,,,,
IT1:102_974_DF_DCSP_SPA_10(1.0),A,ITE1,HO_RENENERG,TOT,TOT,ALL,TOT,ALL,ALL,ALL,OTHREN,99,THLF,WORLD,ALL,ALL,2016,73,,,,,,,,,,,,,,,,,,,,,
IT1:102_974_DF_DCSP_SPA_10(1.0),A,ITE1,HO_RENENERG,TOT,TOT,ALL,TOT,ALL,ALL,ALL,SOLAR,99,THLF,WORLD,ALL,ALL,2013,3018,,,,,,,,,,,,,,,,,,,,,
IT1:102_974_DF_DCSP_SPA_10(1.0),A,ITE1,HO_RENENERG,TOT,TOT,ALL,TOT,ALL,ALL,ALL,SOLAR,99,THLF,WORLD,ALL,ALL,2016,3141,,,,,,,,,,,,,,,,,,,,,
IT1:102_974_DF_DCSP_SPA_10(1.0),A,ITE1,HO_RENENERG,TOT,TOT,ALL,TOT,ALL,ALL,ALL,WIND,99,THLF,WORLD,ALL,ALL,2013,2,,,,,,,,,,,,,,,,,,,,,
IT1:102_974_DF_DCSP_SPA_10(1.0),A,ITE1,HO_RENENERG,TOT,TOT,ALL,TOT,ALL,ALL,ALL,WIND,99,THLF,WORLD,ALL,ALL,2016,3,,,,,,,,,,,,,,,,,,,,,
IT1:102_974_DF_DCSP_SPA_10(1.0),A,ITE2,HO_RENENERG,TOT,TOT,ALL,TOT,ALL,ALL,ALL,BIOGAS,99,THLF,WORLD,ALL,ALL,2013,3,,,,,,,,,,,,,,,,,,,,,
IT1:102_974_DF_DCSP_SPA_10(1.0),A,ITE2,HO_RENENERG,TOT,TOT,ALL,TOT,ALL,ALL,ALL,BIOMASSES,99,THLF,WORLD,ALL,ALL,2013,9,,,,,,,,,,,,,,,,,,,,,
IT1:102_974_DF_DCSP_SPA_10(1.0),A,ITE2,HO_RENENERG,TOT,TOT,ALL,TOT,ALL,ALL,ALL,HYDROEN,99,THLF,WORLD,ALL,ALL,2013,,n,,,,,,,,,,,,,,,,,,,,
IT1:102_974_DF_DCSP_SPA_10(1.0),A,ITE2,HO_RENENERG,TOT,TOT,ALL,TOT,ALL,ALL,ALL,HYDROEN,99,THLF,WORLD,ALL,ALL,2016,,n,,,,,,,,,,,,,,,,,,,,
IT1:102_974_DF_DCSP_SPA_10(1.0),A,ITE2,HO_RENENERG,TOT,TOT,ALL,TOT,ALL,ALL,ALL,OTHREN,99,THLF,WORLD,ALL,ALL,2013,,n,,,,,,,,,,,,,,,,,,,,
IT1:102_974_DF_DCSP_SPA_10(1.0),A,ITE2,HO_RENENERG,TOT,TOT,ALL,TOT,ALL,ALL,ALL,OTHREN,99,THLF,WORLD,ALL,ALL,2016,5,,,,,,,,,,,,,,,,,,,,,
IT1:102_974_DF_DCSP_SPA_10(1.0),A,ITE2,HO_RENENERG,TOT,TOT,ALL,TOT,ALL,ALL,ALL,SOLAR,99,THLF,WORLD,ALL,ALL,2013,700,,,,,,,,,,,,,,,,,,,,,
IT1:102_974_DF_DCSP_SPA_10(1.0),A,ITE2,HO_RENENERG,TOT,TOT,ALL,TOT,ALL,ALL,ALL,SOLAR,99,THLF,WORLD,ALL,ALL,2016,1753,,,,,,,,,,,,,,,,,,,,,
IT1:102_974_DF_DCSP_SPA_10(1.0),A,ITE2,HO_RENENERG,TOT,TOT,ALL,TOT,ALL,ALL,ALL,WIND,99,THLF,WORLD,ALL,ALL,2013,9,,,,,,,,,,,,,,,,,,,,,
IT1:102_974_DF_DCSP_SPA_10(1.0),A,ITE2,HO_RENENERG,TOT,TOT,ALL,TOT,ALL,ALL,ALL,WIND,99,THLF,WORLD,ALL,ALL,2016,13,,,,,,,,,,,,,,,,,,,,,
IT1:102_974_DF_DCSP_SPA_10(1.0),A,ITE3,HO_RENENERG,TOT,TOT,ALL,TOT,ALL,ALL,ALL,BIOGAS,99,THLF,WORLD,ALL,ALL,2013,5,,,,,,,,,,,,,,,,,,,,,
IT1:102_974_DF_DCSP_SPA_10(1.0),A,ITE3,HO_RENENERG,TOT,TOT,ALL,TOT,ALL,ALL,ALL,BIOMASSES,99,THLF,WORLD,ALL,ALL,2013,6,,,,,,,,,,,,,,,,,,,,,
IT1:102_974_DF_DCSP_SPA_10(1.0),A,ITE3,HO_RENENERG,TOT,TOT,ALL,TOT,ALL,ALL,ALL,HYDROEN,99,THLF,WORLD,ALL,ALL,2013,1,,,,,,,,,,,,,,,,,,,,,
IT1:102_974_DF_DCSP_SPA_10(1.0),A,ITE3,HO_RENENERG,TOT,TOT,ALL,TOT,ALL,ALL,ALL,HYDROEN,99,THLF,WORLD,ALL,ALL,2016,47,,,,,,,,,,,,,,,,,,,,,
IT1:102_974_DF_DCSP_SPA_10(1.0),A,ITE3,HO_RENENERG,TOT,TOT,ALL,TOT,ALL,ALL,ALL,OTHREN,99,THLF,WORLD,ALL,ALL,2013,1,,,,,,,,,,,,,,,,,,,,,
IT1:102_974_DF_DCSP_SPA_10(1.0),A,ITE3,HO_RENENERG,TOT,TOT,ALL,TOT,ALL,ALL,ALL,OTHREN,99,THLF,WORLD,ALL,ALL,2016,,n,,,,,,,,,,,,,,,,,,,,
IT1:102_974_DF_DCSP_SPA_10(1.0),A,ITE3,HO_RENENERG,TOT,TOT,ALL,TOT,ALL,ALL,ALL,SOLAR,99,THLF,WORLD,ALL,ALL,2013,1178,,,,,,,,,,,,,,,,,,,,,
IT1:102_974_DF_DCSP_SPA_10(1.0),A,ITE3,HO_RENENERG,TOT,TOT,ALL,TOT,ALL,ALL,ALL,SOLAR,99,THLF,WORLD,ALL,ALL,2016,1842,,,,,,,,,,,,,,,,,,,,,
IT1:102_974_DF_DCSP_SPA_10(1.0),A,ITE3,HO_RENENERG,TOT,TOT,ALL,TOT,ALL,ALL,ALL,WIND,99,THLF,WORLD,ALL,ALL,2013,1,,,,,,,,,,,,,,,,,,,,,
IT1:102_974_DF_DCSP_SPA_10(1.0),A,ITE3,HO_RENENERG,TOT,TOT,ALL,TOT,ALL,ALL,ALL,WIND,99,THLF,WORLD,ALL,ALL,2016,21,,,,,,,,,,,,,,,,,,,,,
IT1:102_974_DF_DCSP_SPA_10(1.0),A,ITE4,HO_RENENERG,TOT,TOT,ALL,TOT,ALL,ALL,ALL,BIOGAS,99,THLF,WORLD,ALL,ALL,2013,4,,,,,,,,,,,,,,,,,,,,,
IT1:102_974_DF_DCSP_SPA_10(1.0),A,ITE4,HO_RENENERG,TOT,TOT,ALL,TOT,ALL,ALL,ALL,BIOMASSES,99,THLF,WORLD,ALL,ALL,2013,34,,,,,,,,,,,,,,,,,,,,,
IT1:102_974_DF_DCSP_SPA_10(1.0),A,ITE4,HO_RENENERG,TOT,TOT,ALL,TOT,ALL,ALL,ALL,HYDROEN,99,THLF,WORLD,ALL,ALL,2013,,n,,,,,,,,,,,,,,,,,,,,
IT1:102_974_DF_DCSP_SPA_10(1.0),A,ITE4,HO_RENENERG,TOT,TOT,ALL,TOT,ALL,ALL,ALL,HYDROEN,99,THLF,WORLD,ALL,ALL,2016,,n,,,,,,,,,,,,,,,,,,,,
IT1:102_974_DF_DCSP_SPA_10(1.0),A,ITE4,HO_RENENERG,TOT,TOT,ALL,TOT,ALL,ALL,ALL,OTHREN,99,THLF,WORLD,ALL,ALL,2013,,n,,,,,,,,,,,,,,,,,,,,
IT1:102_974_DF_DCSP_SPA_10(1.0),A,ITE4,HO_RENENERG,TOT,TOT,ALL,TOT,ALL,ALL,ALL,OTHREN,99,THLF,WORLD,ALL,ALL,2016,,n,,,,,,,,,,,,,,,,,,,,
IT1:102_974_DF_DCSP_SPA_10(1.0),A,ITE4,HO_RENENERG,TOT,TOT,ALL,TOT,ALL,ALL,ALL,SOLAR,99,THLF,WORLD,ALL,ALL,2013,679,,,,,,,,,,,,,,,,,,,,,
IT1:102_974_DF_DCSP_SPA_10(1.0),A,ITE4,HO_RENENERG,TOT,TOT,ALL,TOT,ALL,ALL,ALL,SOLAR,99,THLF,WORLD,ALL,ALL,2016,1284,,,,,,,,,,,,,,,,,,,,,
IT1:102_974_DF_DCSP_SPA_10(1.0),A,ITE4,HO_RENENERG,TOT,TOT,ALL,TOT,ALL,ALL,ALL,WIND,99,THLF,WORLD,ALL,ALL,2013,,n,,,,,,,,,,,,,,,,,,,,
IT1:102_974_DF_DCSP_SPA_10(1.0),A,ITE4,HO_RENENERG,TOT,TOT,ALL,TOT,ALL,ALL,ALL,WIND,99,THLF,WORLD,ALL,ALL,2016,59,,,,,,,,,,,,,,,,,,,,,
IT1:102_974_DF_DCSP_SPA_10(1.0),A,ITF1,HO_RENENERG,TOT,TOT,ALL,TOT,ALL,ALL,ALL,BIOGAS,99,THLF,WORLD,ALL,ALL,2013,4,,,,,,,,,,,,,,,,,,,,,
IT1:102_974_DF_DCSP_SPA_10(1.0),A,ITF1,HO_RENENERG,TOT,TOT,ALL,TOT,ALL,ALL,ALL,BIOMASSES,99,THLF,WORLD,ALL,ALL,2013,12,,,,,,,,,,,,,,,,,,,,,
IT1:102_974_DF_DCSP_SPA_10(1.0),A,ITF1,HO_RENENERG,TOT,TOT,ALL,TOT,ALL,ALL,ALL,HYDROEN,99,THLF,WORLD,ALL,ALL,2013,,n,,,,,,,,,,,,,,,,,,,,
IT1:102_974_DF_DCSP_SPA_10(1.0),A,ITF1,HO_RENENERG,TOT,TOT,ALL,TOT,ALL,ALL,ALL,HYDROEN,99,THLF,WORLD,ALL,ALL,2016,,n,,,,,,,,,,,,,,,,,,,,
IT1:102_974_DF_DCSP_SPA_10(1.0),A,ITF1,HO_RENENERG,TOT,TOT,ALL,TOT,ALL,ALL,ALL,OTHREN,99,THLF,WORLD,ALL,ALL,2013,,n,,,,,,,,,,,,,,,,,,,,
IT1:102_974_DF_DCSP_SPA_10(1.0),A,ITF1,HO_RENENERG,TOT,TOT,ALL,TOT,ALL,ALL,ALL,OTHREN,99,THLF,WORLD,ALL,ALL,2016,,n,,,,,,,,,,,,,,,,,,,,
IT1:102_974_DF_DCSP_SPA_10(1.0),A,ITF1,HO_RENENERG,TOT,TOT,ALL,TOT,ALL,ALL,ALL,SOLAR,99,THLF,WORLD,ALL,ALL,2013,731,,,,,,,,,,,,,,,,,,,,,
IT1:102_974_DF_DCSP_SPA_10(1.0),A,ITF1,HO_RENENERG,TOT,TOT,ALL,TOT,ALL,ALL,ALL,SOLAR,99,THLF,WORLD,ALL,ALL,2016,1393,,,,,,,,,,,,,,,,,,,,,
IT1:102_974_DF_DCSP_SPA_10(1.0),A,ITF1,HO_RENENERG,TOT,TOT,ALL,TOT,ALL,ALL,ALL,WIND,99,THLF,WORLD,ALL,ALL,2013,,n,,,,,,,,,,,,,,,,,,,,
IT1:102_974_DF_DCSP_SPA_10(1.0),A,ITF1,HO_RENENERG,TOT,TOT,ALL,TOT,ALL,ALL,ALL,WIND,99,THLF,WORLD,ALL,ALL,2016,,n,,,,,,,,,,,,,,,,,,,,
IT1:102_974_DF_DCSP_SPA_10(1.0),A,ITF2,HO_RENENERG,TOT,TOT,ALL,TOT,ALL,ALL,ALL,BIOGAS,99,THLF,WORLD,ALL,ALL,2013,,n,,,,,,,,,,,,,,,,,,,,
IT1:102_974_DF_DCSP_SPA_10(1.0),A,ITF2,HO_RENENERG,TOT,TOT,ALL,TOT,ALL,ALL,ALL,BIOMASSES,99,THLF,WORLD,ALL,ALL,2013,,n,,,,,,,,,,,,,,,,,,,,
IT1:102_974_DF_DCSP_SPA_10(1.0),A,ITF2,HO_RENENERG,TOT,TOT,ALL,TOT,ALL,ALL,ALL,HYDROEN,99,THLF,WORLD,ALL,ALL,2013,,n,,,,,,,,,,,,,,,,,,,,
IT1:102_974_DF_DCSP_SPA_10(1.0),A,ITF2,HO_RENENERG,TOT,TOT,ALL,TOT,ALL,ALL,ALL,HYDROEN,99,THLF,WORLD,ALL,ALL,2016,,n,,,,,,,,,,,,,,,,,,,,
IT1:102_974_DF_DCSP_SPA_10(1.0),A,ITF2,HO_RENENERG,TOT,TOT,ALL,TOT,ALL,ALL,ALL,OTHREN,99,THLF,WORLD,ALL,ALL,2013,24,,,,,,,,,,,,,,,,,,,,,
IT1:102_974_DF_DCSP_SPA_10(1.0),A,ITF2,HO_RENENERG,TOT,TOT,ALL,TOT,ALL,ALL,ALL,OTHREN,99,THLF,WORLD,ALL,ALL,2016,,n,,,,,,,,,,,,,,,,,,,,
IT1:102_974_DF_DCSP_SPA_10(1.0),A,ITF2,HO_RENENERG,TOT,TOT,ALL,TOT,ALL,ALL,ALL,SOLAR,99,THLF,WORLD,ALL,ALL,2013,370,,,,,,,,,,,,,,,,,,,,,
IT1:102_974_DF_DCSP_SPA_10(1.0),A,ITF2,HO_RENENERG,TOT,TOT,ALL,TOT,ALL,ALL,ALL,SOLAR,99,THLF,WORLD,ALL,ALL,2016,545,,,,,,,,,,,,,,,,,,,,,
IT1:102_974_DF_DCSP_SPA_10(1.0),A,ITF2,HO_RENENERG,TOT,TOT,ALL,TOT,ALL,ALL,ALL,WIND,99,THLF,WORLD,ALL,ALL,2013,1,,,,,,,,,,,,,,,,,,,,,
IT1:102_974_DF_DCSP_SPA_10(1.0),A,ITF2,HO_RENENERG,TOT,TOT,ALL,TOT,ALL,ALL,ALL,WIND,99,THLF,WORLD,ALL,ALL,2016,2,,,,,,,,,,,,,,,,,,,,,
IT1:102_974_DF_DCSP_SPA_10(1.0),A,ITF3,HO_RENENERG,TOT,TOT,ALL,TOT,ALL,ALL,ALL,BIOGAS,99,THLF,WORLD,ALL,ALL,2013,3,,,,,,,,,,,,,,,,,,,,,
IT1:102_974_DF_DCSP_SPA_10(1.0),A,ITF3,HO_RENENERG,TOT,TOT,ALL,TOT,ALL,ALL,ALL,BIOMASSES,99,THLF,WORLD,ALL,ALL,2013,14,,,,,,,,,,,,,,,,,,,,,
IT1:102_974_DF_DCSP_SPA_10(1.0),A,ITF3,HO_RENENERG,TOT,TOT,ALL,TOT,ALL,ALL,ALL,HYDROEN,99,THLF,WORLD,ALL,ALL,2013,8,,,,,,,,,,,,,,,,,,,,,
IT1:102_974_DF_DCSP_SPA_10(1.0),A,ITF3,HO_RENENERG,TOT,TOT,ALL,TOT,ALL,ALL,ALL,HYDROEN,99,THLF,WORLD,ALL,ALL,2016,,n,,,,,,,,,,,,,,,,,,,,
IT1:102_974_DF_DCSP_SPA_10(1.0),A,ITF3,HO_RENENERG,TOT,TOT,ALL,TOT,ALL,ALL,ALL,OTHREN,99,THLF,WORLD,ALL,ALL,2013,4,,,,,,,,,,,,,,,,,,,,,
IT1:102_974_DF_DCSP_SPA_10(1.0),A,ITF3,HO_RENENERG,TOT,TOT,ALL,TOT,ALL,ALL,ALL,OTHREN,99,THLF,WORLD,ALL,ALL,2016,9,,,,,,,,,,,,,,,,,,,,,
IT1:102_974_DF_DCSP_SPA_10(1.0),A,ITF3,HO_RENENERG,TOT,TOT,ALL,TOT,ALL,ALL,ALL,SOLAR,99,THLF,WORLD,ALL,ALL,2013,612,,,,,,,,,,,,,,,,,,,,,
IT1:102_974_DF_DCSP_SPA_10(1.0),A,ITF3,HO_RENENERG,TOT,TOT,ALL,TOT,ALL,ALL,ALL,SOLAR,99,THLF,WORLD,ALL,ALL,2016,2119,,,,,,,,,,,,,,,,,,,,,
IT1:102_974_DF_DCSP_SPA_10(1.0),A,ITF3,HO_RENENERG,TOT,TOT,ALL,TOT,ALL,ALL,ALL,WIND,99,THLF,WORLD,ALL,ALL,2013,,n,,,,,,,,,,,,,,,,,,,,
IT1:102_974_DF_DCSP_SPA_10(1.0),A,ITF3,HO_RENENERG,TOT,TOT,ALL,TOT,ALL,ALL,ALL,WIND,99,THLF,WORLD,ALL,ALL,2016,92,,,,,,,,,,,,,,,,,,,,,
IT1:102_974_DF_DCSP_SPA_10(1.0),A,ITF4,HO_RENENERG,TOT,TOT,ALL,TOT,ALL,ALL,ALL,BIOGAS,99,THLF,WORLD,ALL,ALL,2013,2,,,,,,,,,,,,,,,,,,,,,
IT1:102_974_DF_DCSP_SPA_10(1.0),A,ITF4,HO_RENENERG,TOT,TOT,ALL,TOT,ALL,ALL,ALL,BIOMASSES,99,THLF,WORLD,ALL,ALL,2013,2,,,,,,,,,,,,,,,,,,,,,
IT1:102_974_DF_DCSP_SPA_10(1.0),A,ITF4,HO_RENENERG,TOT,TOT,ALL,TOT,ALL,ALL,ALL,HYDROEN,99,THLF,WORLD,ALL,ALL,2013,41,,,,,,,,,,,,,,,,,,,,,
IT1:102_974_DF_DCSP_SPA_10(1.0),A,ITF4,HO_RENENERG,TOT,TOT,ALL,TOT,ALL,ALL,ALL,HYDROEN,99,THLF,WORLD,ALL,ALL,2016,,n,,,,,,,,,,,,,,,,,,,,
IT1:102_974_DF_DCSP_SPA_10(1.0),A,ITF4,HO_RENENERG,TOT,TOT,ALL,TOT,ALL,ALL,ALL,OTHREN,99,THLF,WORLD,ALL,ALL,2013,,n,,,,,,,,,,,,,,,,,,,,
IT1:102_974_DF_DCSP_SPA_10(1.0),A,ITF4,HO_RENENERG,TOT,TOT,ALL,TOT,ALL,ALL,ALL,OTHREN,99,THLF,WORLD,ALL,ALL,2016,,n,,,,,,,,,,,,,,,,,,,,
IT1:102_974_DF_DCSP_SPA_10(1.0),A,ITF4,HO_RENENERG,TOT,TOT,ALL,TOT,ALL,ALL,ALL,SOLAR,99,THLF,WORLD,ALL,ALL,2013,1269,,,,,,,,,,,,,,,,,,,,,
IT1:102_974_DF_DCSP_SPA_10(1.0),A,ITF4,HO_RENENERG,TOT,TOT,ALL,TOT,ALL,ALL,ALL,SOLAR,99,THLF,WORLD,ALL,ALL,2016,1488,,,,,,,,,,,,,,,,,,,,,
IT1:102_974_DF_DCSP_SPA_10(1.0),A,ITF4,HO_RENENERG,TOT,TOT,ALL,TOT,ALL,ALL,ALL,WIND,99,THLF,WORLD,ALL,ALL,2013,28,,,,,,,,,,,,,,,,,,,,,
IT1:102_974_DF_DCSP_SPA_10(1.0),A,ITF4,HO_RENENERG,TOT,TOT,ALL,TOT,ALL,ALL,ALL,WIND,99,THLF,WORLD,ALL,ALL,2016,145,,,,,,,,,,,,,,,,,,,,,
IT1:102_974_DF_DCSP_SPA_10(1.0),A,ITF5,HO_RENENERG,TOT,TOT,ALL,TOT,ALL,ALL,ALL,BIOGAS,99,THLF,WORLD,ALL,ALL,2013,6,,,,,,,,,,,,,,,,,,,,,
IT1:102_974_DF_DCSP_SPA_10(1.0),A,ITF5,HO_RENENERG,TOT,TOT,ALL,TOT,ALL,ALL,ALL,BIOMASSES,99,THLF,WORLD,ALL,ALL,2013,6,,,,,,,,,,,,,,,,,,,,,
IT1:102_974_DF_DCSP_SPA_10(1.0),A,ITF5,HO_RENENERG,TOT,TOT,ALL,TOT,ALL,ALL,ALL,HYDROEN,99,THLF,WORLD,ALL,ALL,2013,,n,,,,,,,,,,,,,,,,,,,,
IT1:102_974_DF_DCSP_SPA_10(1.0),A,ITF5,HO_RENENERG,TOT,TOT,ALL,TOT,ALL,ALL,ALL,HYDROEN,99,THLF,WORLD,ALL,ALL,2016,,n,,,,,,,,,,,,,,,,,,,,
IT1:102_974_DF_DCSP_SPA_10(1.0),A,ITF5,HO_RENENERG,TOT,TOT,ALL,TOT,ALL,ALL,ALL,OTHREN,99,THLF,WORLD,ALL,ALL,2013,,n,,,,,,,,,,,,,,,,,,,,
IT1:102_974_DF_DCSP_SPA_10(1.0),A,ITF5,HO_RENENERG,TOT,TOT,ALL,TOT,ALL,ALL,ALL,OTHREN,99,THLF,WORLD,ALL,ALL,2016,,c,,,,,,,,,,,,,,,,,,,,
IT1:102_974_DF_DCSP_SPA_10(1.0),A,ITF5,HO_RENENERG,TOT,TOT,ALL,TOT,ALL,ALL,ALL,SOLAR,99,THLF,WORLD,ALL,ALL,2013,521,,,,,,,,,,,,,,,,,,,,,
IT1:102_974_DF_DCSP_SPA_10(1.0),A,ITF5,HO_RENENERG,TOT,TOT,ALL,TOT,ALL,ALL,ALL,SOLAR,99,THLF,WORLD,ALL,ALL,2016,681,,,,,,,,,,,,,,,,,,,,,
IT1:102_974_DF_DCSP_SPA_10(1.0),A,ITF5,HO_RENENERG,TOT,TOT,ALL,TOT,ALL,ALL,ALL,WIND,99,THLF,WORLD,ALL,ALL,2013,48,,,,,,,,,,,,,,,,,,,,,
IT1:102_974_DF_DCSP_SPA_10(1.0),A,ITF5,HO_RENENERG,TOT,TOT,ALL,TOT,ALL,ALL,ALL,WIND,99,THLF,WORLD,ALL,ALL,2016,117,,,,,,,,,,,,,,,,,,,,,
IT1:102_974_DF_DCSP_SPA_10(1.0),A,ITF6,HO_RENENERG,TOT,TOT,ALL,TOT,ALL,ALL,ALL,BIOGAS,99,THLF,WORLD,ALL,ALL,2013,6,,,,,,,,,,,,,,,,,,,,,
IT1:102_974_DF_DCSP_SPA_10(1.0),A,ITF6,HO_RENENERG,TOT,TOT,ALL,TOT,ALL,ALL,ALL,BIOMASSES,99,THLF,WORLD,ALL,ALL,2013,7,,,,,,,,,,,,,,,,,,,,,
IT1:102_974_DF_DCSP_SPA_10(1.0),A,ITF6,HO_RENENERG,TOT,TOT,ALL,TOT,ALL,ALL,ALL,HYDROEN,99,THLF,WORLD,ALL,ALL,2013,,n,,,,,,,,,,,,,,,,,,,,
IT1:102_974_DF_DCSP_SPA_10(1.0),A,ITF6,HO_RENENERG,TOT,TOT,ALL,TOT,ALL,ALL,ALL,HYDROEN,99,THLF,WORLD,ALL,ALL,2016,,n,,,,,,,,,,,,,,,,,,,,
IT1:102_974_DF_DCSP_SPA_10(1.0),A,ITF6,HO_RENENERG,TOT,TOT,ALL,TOT,ALL,ALL,ALL,OTHREN,99,THLF,WORLD,ALL,ALL,2013,,n,,,,,,,,,,,,,,,,,,,,
IT1:102_974_DF_DCSP_SPA_10(1.0),A,ITF6,HO_RENENERG,TOT,TOT,ALL,TOT,ALL,ALL,ALL,OTHREN,99,THLF,WORLD,ALL,ALL,2016,,n,,,,,,,,,,,,,,,,,,,,
IT1:102_974_DF_DCSP_SPA_10(1.0),A,ITF6,HO_RENENERG,TOT,TOT,ALL,TOT,ALL,ALL,ALL,SOLAR,99,THLF,WORLD,ALL,ALL,2013,509,,,,,,,,,,,,,,,,,,,,,
IT1:102_974_DF_DCSP_SPA_10(1.0),A,ITF6,HO_RENENERG,TOT,TOT,ALL,TOT,ALL,ALL,ALL,SOLAR,99,THLF,WORLD,ALL,ALL,2016,608,,,,,,,,,,,,,,,,,,,,,
IT1:102_974_DF_DCSP_SPA_10(1.0),A,ITF6,HO_RENENERG,TOT,TOT,ALL,TOT,ALL,ALL,ALL,WIND,99,THLF,WORLD,ALL,ALL,2013,,n,,,,,,,,,,,,,,,,,,,,
IT1:102_974_DF_DCSP_SPA_10(1.0),A,ITF6,HO_RENENERG,TOT,TOT,ALL,TOT,ALL,ALL,ALL,WIND,99,THLF,WORLD,ALL,ALL,2016,9,,,,,,,,,,,,,,,,,,,,,
IT1:102_974_DF_DCSP_SPA_10(1.0),A,ITFG,HO_RENENERG,TOT,TOT,ALL,TOT,ALL,ALL,ALL,BIOGAS,99,THLF,WORLD,ALL,ALL,2013,26,,,,,,,,,,,,,,,,,,,,,
IT1:102_974_DF_DCSP_SPA_10(1.0),A,ITFG,HO_RENENERG,TOT,TOT,ALL,TOT,ALL,ALL,ALL,BIOMASSES,99,THLF,WORLD,ALL,ALL,2013,46,,,,,,,,,,,,,,,,,,,,,
IT1:102_974_DF_DCSP_SPA_10(1.0),A,ITFG,HO_RENENERG,TOT,TOT,ALL,TOT,ALL,ALL,ALL,HYDROEN,99,THLF,WORLD,ALL,ALL,2013,51,,,,,,,,,,,,,,,,,,,,,
IT1:102_974_DF_DCSP_SPA_10(1.0),A,ITFG,HO_RENENERG,TOT,TOT,ALL,TOT,ALL,ALL,ALL,HYDROEN,99,THLF,WORLD,ALL,ALL,2016,3,,,,,,,,,,,,,,,,,,,,,
IT1:102_974_DF_DCSP_SPA_10(1.0),A,ITFG,HO_RENENERG,TOT,TOT,ALL,TOT,ALL,ALL,ALL,OTHREN,99,THLF,WORLD,ALL,ALL,2013,28,,,,,,,,,,,,,,,,,,,,,
IT1:102_974_DF_DCSP_SPA_10(1.0),A,ITFG,HO_RENENERG,TOT,TOT,ALL,TOT,ALL,ALL,ALL,OTHREN,99,THLF,WORLD,ALL,ALL,2016,9,,,,,,,,,,,,,,,,,,,,,
IT1:102_974_DF_DCSP_SPA_10(1.0),A,ITFG,HO_RENENERG,TOT,TOT,ALL,TOT,ALL,ALL,ALL,SOLAR,99,THLF,WORLD,ALL,ALL,2013,6057,,,,,,,,,,,,,,,,,,,,,
IT1:102_974_DF_DCSP_SPA_10(1.0),A,ITFG,HO_RENENERG,TOT,TOT,ALL,TOT,ALL,ALL,ALL,SOLAR,99,THLF,WORLD,ALL,ALL,2016,10343,,,,,,,,,,,,,,,,,,,,,
IT1:102_974_DF_DCSP_SPA_10(1.0),A,ITFG,HO_RENENERG,TOT,TOT,ALL,TOT,ALL,ALL,ALL,WIND,99,THLF,WORLD,ALL,ALL,2013,134,,,,,,,,,,,,,,,,,,,,,
IT1:102_974_DF_DCSP_SPA_10(1.0),A,ITFG,HO_RENENERG,TOT,TOT,ALL,TOT,ALL,ALL,ALL,WIND,99,THLF,WORLD,ALL,ALL,2016,490,,,,,,,,,,,,,,,,,,,,,
IT1:102_974_DF_DCSP_SPA_10(1.0),A,ITG1,HO_RENENERG,TOT,TOT,ALL,TOT,ALL,ALL,ALL,BIOGAS,99,THLF,WORLD,ALL,ALL,2013,2,,,,,,,,,,,,,,,,,,,,,
IT1:102_974_DF_DCSP_SPA_10(1.0),A,ITG1,HO_RENENERG,TOT,TOT,ALL,TOT,ALL,ALL,ALL,BIOMASSES,99,THLF,WORLD,ALL,ALL,2013,2,,,,,,,,,,,,,,,,,,,,,
IT1:102_974_DF_DCSP_SPA_10(1.0),A,ITG1,HO_RENENERG,TOT,TOT,ALL,TOT,ALL,ALL,ALL,HYDROEN,99,THLF,WORLD,ALL,ALL,2013,2,,,,,,,,,,,,,,,,,,,,,
IT1:102_974_DF_DCSP_SPA_10(1.0),A,ITG1,HO_RENENERG,TOT,TOT,ALL,TOT,ALL,ALL,ALL,HYDROEN,99,THLF,WORLD,ALL,ALL,2016,3,,,,,,,,,,,,,,,,,,,,,
IT1:102_974_DF_DCSP_SPA_10(1.0),A,ITG1,HO_RENENERG,TOT,TOT,ALL,TOT,ALL,ALL,ALL,OTHREN,99,THLF,WORLD,ALL,ALL,2013,,n,,,,,,,,,,,,,,,,,,,,
IT1:102_974_DF_DCSP_SPA_10(1.0),A,ITG1,HO_RENENERG,TOT,TOT,ALL,TOT,ALL,ALL,ALL,OTHREN,99,THLF,WORLD,ALL,ALL,2016,,n,,,,,,,,,,,,,,,,,,,,
IT1:102_974_DF_DCSP_SPA_10(1.0),A,ITG1,HO_RENENERG,TOT,TOT,ALL,TOT,ALL,ALL,ALL,SOLAR,99,THLF,WORLD,ALL,ALL,2013,1216,,,,,,,,,,,,,,,,,,,,,
IT1:102_974_DF_DCSP_SPA_10(1.0),A,ITG1,HO_RENENERG,TOT,TOT,ALL,TOT,ALL,ALL,ALL,SOLAR,99,THLF,WORLD,ALL,ALL,2016,2034,,,,,,,,,,,,,,,,,,,,,
IT1:102_974_DF_DCSP_SPA_10(1.0),A,ITG1,HO_RENENERG,TOT,TOT,ALL,TOT,ALL,ALL,ALL,WIND,99,THLF,WORLD,ALL,ALL,2013,38,,,,,,,,,,,,,,,,,,,,,
IT1:102_974_DF_DCSP_SPA_10(1.0),A,ITG1,HO_RENENERG,TOT,TOT,ALL,TOT,ALL,ALL,ALL,WIND,99,THLF,WORLD,ALL,ALL,2016,5,,,,,,,,,,,,,,,,,,,,,
IT1:102_974_DF_DCSP_SPA_10(1.0),A,ITG2,HO_RENENERG,TOT,TOT,ALL,TOT,ALL,ALL,ALL,BIOGAS,99,THLF,WORLD,ALL,ALL,2013,3,,,,,,,,,,,,,,,,,,,,,
IT1:102_974_DF_DCSP_SPA_10(1.0),A,ITG2,HO_RENENERG,TOT,TOT,ALL,TOT,ALL,ALL,ALL,BIOMASSES,99,THLF,WORLD,ALL,ALL,2013,3,,,,,,,,,,,,,,,,,,,,,
IT1:102_974_DF_DCSP_SPA_10(1.0),A,ITG2,HO_RENENERG,TOT,TOT,ALL,TOT,ALL,ALL,ALL,HYDROEN,99,THLF,WORLD,ALL,ALL,2013,,n,,,,,,,,,,,,,,,,,,,,
IT1:102_974_DF_DCSP_SPA_10(1.0),A,ITG2,HO_RENENERG,TOT,TOT,ALL,TOT,ALL,ALL,ALL,HYDROEN,99,THLF,WORLD,ALL,ALL,2016,,n,,,,,,,,,,,,,,,,,,,,
IT1:102_974_DF_DCSP_SPA_10(1.0),A,ITG2,HO_RENENERG,TOT,TOT,ALL,TOT,ALL,ALL,ALL,OTHREN,99,THLF,WORLD,ALL,ALL,2013,,n,,,,,,,,,,,,,,,,,,,,
IT1:102_974_DF_DCSP_SPA_10(1.0),A,ITG2,HO_RENENERG,TOT,TOT,ALL,TOT,ALL,ALL,ALL,OTHREN,99,THLF,WORLD,ALL,ALL,2016,,n,,,,,,,,,,,,,,,,,,,,
IT1:102_974_DF_DCSP_SPA_10(1.0),A,ITG2,HO_RENENERG,TOT,TOT,ALL,TOT,ALL,ALL,ALL,SOLAR,99,THLF,WORLD,ALL,ALL,2013,829,,,,,,,,,,,,,,,,,,,,,
IT1:102_974_DF_DCSP_SPA_10(1.0),A,ITG2,HO_RENENERG,TOT,TOT,ALL,TOT,ALL,ALL,ALL,SOLAR,99,THLF,WORLD,ALL,ALL,2016,1475,,,,,,,,,,,,,,,,,,,,,
IT1:102_974_DF_DCSP_SPA_10(1.0),A,ITG2,HO_RENENERG,TOT,TOT,ALL,TOT,ALL,ALL,ALL,WIND,99,THLF,WORLD,ALL,ALL,2013,19,,,,,,,,,,,,,,,,,,,,,
IT1:102_974_DF_DCSP_SPA_10(1.0),A,ITG2,HO_RENENERG,TOT,TOT,ALL,TOT,ALL,ALL,ALL,WIND,99,THLF,WORLD,ALL,ALL,2016,120,,,,,,,,,,,,,,,,,,,,,
